Title,Company,Location,Link,Date Posted
Scott Pilgrim's Precious Little Life (Scott Pilgrim #1),Â£52.29,In stock,http://books.toscrape.com/catalogue/scott-pilgrims-precious-little-life-scott-pilgrim-1_987/index.html,Recently
Tsubasa: WoRLD CHRoNiCLE 2 (Tsubasa WoRLD CHRoNiCLE #2),Â£16.28,In stock,http://books.toscrape.com/catalogue/tsubasa-world-chronicle-2-tsubasa-world-chronicle-2_949/index.html,Recently
This One Summer,Â£19.49,In stock,http://books.toscrape.com/catalogue/this-one-summer_947/index.html,Recently
The Nameless City (The Nameless City #1),Â£38.16,In stock,http://books.toscrape.com/catalogue/the-nameless-city-the-nameless-city-1_940/index.html,Recently
"Saga, Volume 5 (Saga (Collected Editions) #5)",Â£51.04,In stock,http://books.toscrape.com/catalogue/saga-volume-5-saga-collected-editions-5_923/index.html,Recently
"Rat Queens, Vol. 3: Demons (Rat Queens (Collected Editions) #11-15)",Â£50.40,In stock,http://books.toscrape.com/catalogue/rat-queens-vol-3-demons-rat-queens-collected-editions-11-15_921/index.html,Recently
"Princess Jellyfish 2-in-1 Omnibus, Vol. 01 (Princess Jellyfish 2-in-1 Omnibus #1)",Â£13.61,In stock,http://books.toscrape.com/catalogue/princess-jellyfish-2-in-1-omnibus-vol-01-princess-jellyfish-2-in-1-omnibus-1_920/index.html,Recently
"Pop Gun War, Volume 1: Gift",Â£18.97,In stock,http://books.toscrape.com/catalogue/pop-gun-war-volume-1-gift_918/index.html,Recently
Patience,Â£10.16,In stock,http://books.toscrape.com/catalogue/patience_916/index.html,Recently
"Outcast, Vol. 1: A Darkness Surrounds Him (Outcast #1)",Â£15.44,In stock,http://books.toscrape.com/catalogue/outcast-vol-1-a-darkness-surrounds-him-outcast-1_915/index.html,Recently
orange: The Complete Collection 1 (orange: The Complete Collection #1),Â£48.41,In stock,http://books.toscrape.com/catalogue/orange-the-complete-collection-1-orange-the-complete-collection-1_914/index.html,Recently
"Lumberjanes, Vol. 2: Friendship to the Max (Lumberjanes #5-8)",Â£46.91,In stock,http://books.toscrape.com/catalogue/lumberjanes-vol-2-friendship-to-the-max-lumberjanes-5-8_907/index.html,Recently
"Lumberjanes, Vol. 1: Beware the Kitten Holy (Lumberjanes #1-4)",Â£45.61,In stock,http://books.toscrape.com/catalogue/lumberjanes-vol-1-beware-the-kitten-holy-lumberjanes-1-4_906/index.html,Recently
Lumberjanes Vol. 3: A Terrible Plan (Lumberjanes #9-12),Â£19.92,In stock,http://books.toscrape.com/catalogue/lumberjanes-vol-3-a-terrible-plan-lumberjanes-9-12_905/index.html,Recently
"I Hate Fairyland, Vol. 1: Madly Ever After (I Hate Fairyland (Compilations) #1-5)",Â£29.17,In stock,http://books.toscrape.com/catalogue/i-hate-fairyland-vol-1-madly-ever-after-i-hate-fairyland-compilations-1-5_899/index.html,Recently
I am a Hero Omnibus Volume 1,Â£54.63,In stock,http://books.toscrape.com/catalogue/i-am-a-hero-omnibus-volume-1_898/index.html,Recently
"Giant Days, Vol. 2 (Giant Days #5-8)",Â£22.11,In stock,http://books.toscrape.com/catalogue/giant-days-vol-2-giant-days-5-8_895/index.html,Recently
Danganronpa Volume 1,Â£51.99,In stock,http://books.toscrape.com/catalogue/danganronpa-volume-1_889/index.html,Recently
"Codename Baboushka, Volume 1: The Conclave of Death",Â£36.72,In stock,http://books.toscrape.com/catalogue/codename-baboushka-volume-1-the-conclave-of-death_887/index.html,Recently
Camp Midnight,Â£17.08,In stock,http://books.toscrape.com/catalogue/camp-midnight_886/index.html,Recently
